id,comcode,policynum,Agency,ridernum,plancode,comkey,lastName,firstName,fullname,dob,gender,poltype,crole,age,IssueDate,ADDR1,ADDR2,CITY,MOBILE,FATHERNAME,clttype,ben_seq_no,remarks,RRN,NID,CLNTID
1,150,1000001,NULL,1,3PP000018,KEY1001,MIA,KAMAL,"MIA, KAMAL",1989-02-27,F,A,0,29,2020-01-02,House 1,Road 1,Rajshahi,880171000001,MANNAN,CLNT,1,NULL,NULL,NULL,2000001
2,150,1000002,NULL,1,3PP000018,KEY1002,ISLAM,ALI,"ISLAM, ALI",1986-09-20,M,A,0,43,2020-01-03,House 2,Road 2,Rangpur,880171000002,KUDDUS,CLNT,1,NULL,NULL,NULL,2000002
3,150,1000003,NULL,1,3PP000018,KEY1003,BEGUM,RUBEL,"BEGUM, RUBEL",1997-06-07,F,A,0,29,2020-01-04,House 3,Road 3,Barisal,880171000003,RAFIQ,CLNT,1,NULL,NULL,NULL,2000003
4,150,1000004,NULL,1,3PP000018,KEY1004,HOSSAIN,KAMAL,"HOSSAIN, KAMAL",1985-08-02,M,A,0,32,2020-01-05,House 4,Road 4,Khulna,880171000004,KARIM,CLNT,1,NULL,NULL,NULL,2000004
5,150,1000005,NULL,1,3PP000018,KEY1005,KHAN,IMRAN,"KHAN, IMRAN",1990-07-08,M,A,0,32,2020-01-06,House 5,Road 5,Dhaka,880171000005,AKBAR,CLNT,1,NULL,NULL,NULL,2000005
6,150,1000006,NULL,1,3PP000018,KEY1006,RAHMAN,RAHIM,"RAHMAN, RAHIM",1989-06-19,F,A,0,32,2020-01-07,House 6,Road 6,Barisal,880171000006,JALAL,CLNT,1,NULL,NULL,NULL,2000006
7,150,1000007,NULL,1,3PP000018,KEY1007,MIA,RAHIM,"MIA, RAHIM",1996-06-07,F,A,0,43,2020-01-08,House 7,Road 7,Barisal,880171000007,MANNAN,CLNT,1,NULL,NULL,NULL,2000007
8,150,1000008,NULL,1,3PP000018,KEY1008,KHAN,ALI,"KHAN, ALI",1986-11-04,F,A,0,28,2020-01-09,House 8,Road 8,Dhaka,880171000008,HASAN,CLNT,1,NULL,NULL,NULL,2000008
9,150,1000009,NULL,1,3PP000018,KEY1009,MIA,IMRAN,"MIA, IMRAN",1998-08-09,F,A,0,38,2020-01-10,House 9,Road 9,Rajshahi,880171000009,KUDDUS,CLNT,1,NULL,NULL,NULL,2000009
10,150,1000010,NULL,1,3PP000018,KEY1010,BEGUM,FAHIM,"BEGUM, FAHIM",1985-09-03,M,A,0,26,2020-01-11,House 10,Road 10,Barisal,880171000010,SALAM,CLNT,1,NULL,NULL,NULL,2000010
11,150,1000011,NULL,1,3PP000018,KEY1011,HOSSAIN,KAMAL,"HOSSAIN, KAMAL",1989-09-13,F,A,0,45,2020-01-12,House 11,Road 11,Dhaka,880171000011,KUDDUS,CLNT,1,NULL,NULL,NULL,2000011
12,150,1000012,NULL,1,3PP000018,KEY1012,ISLAM,ALI,"ISLAM, ALI",1996-06-09,F,A,0,26,2020-01-13,House 12,Road 12,Rangpur,880171000012,KUDDUS,CLNT,1,NULL,NULL,NULL,2000012
13,150,1000013,NULL,1,3PP000018,KEY1013,BEGUM,RUBEL,"BEGUM, RUBEL",1992-05-22,F,A,0,37,2020-01-14,House 13,Road 13,Barisal,880171000013,KARIM,CLNT,1,NULL,NULL,NULL,2000013
14,150,1000014,NULL,1,3PP000018,KEY1014,HOSSAIN,FAHIM,"HOSSAIN, FAHIM",1995-02-09,M,A,0,25,2020-01-15,House 14,Road 14,Rangpur,880171000014,SALAM,CLNT,1,NULL,NULL,NULL,2000014
15,150,1000015,NULL,1,3PP000018,KEY1015,AKTER,RAHIM,"AKTER, RAHIM",1992-06-17,F,A,0,37,2020-01-16,House 15,Road 15,Sylhet,880171000015,SALAM,CLNT,1,NULL,NULL,NULL,2000015
16,150,1000016,NULL,1,3PP000018,KEY1016,KHAN,ALI,"KHAN, ALI",1994-11-07,M,A,0,32,2020-01-17,House 16,Road 16,Chittagong,880171000016,KUDDUS,CLNT,1,NULL,NULL,NULL,2000016
17,150,1000017,NULL,1,3PP000018,KEY1017,MIA,RUBEL,"MIA, RUBEL",1986-05-01,F,A,0,32,2020-01-18,House 17,Road 17,Dhaka,880171000017,RAFIQ,CLNT,1,NULL,NULL,NULL,2000017
18,150,1000018,NULL,1,3PP000018,KEY1018,MIA,NAIM,"MIA, NAIM",1988-07-12,M,A,0,44,2020-01-19,House 18,Road 18,Chittagong,880171000018,JALAL,CLNT,1,NULL,NULL,NULL,2000018
19,150,1000019,NULL,1,3PP000018,KEY1019,HOSSAIN,TAREK,"HOSSAIN, TAREK",1992-12-23,M,A,0,36,2020-01-20,House 19,Road 19,Rajshahi,880171000019,AKBAR,CLNT,1,NULL,NULL,NULL,2000019
20,150,1000020,NULL,1,3PP000018,KEY1020,SULTAN,KAMAL,"SULTAN, KAMAL",1995-10-21,M,A,0,35,2020-01-21,House 20,Road 20,Khulna,880171000020,MANNAN,CLNT,1,NULL,NULL,NULL,2000020
21,150,1000021,NULL,1,3PP000018,KEY1021,AKTER,KAMAL,"AKTER, KAMAL",1990-12-01,F,A,0,34,2020-01-22,House 21,Road 21,Chittagong,880171000021,SALAM,CLNT,1,NULL,NULL,NULL,2000021
22,150,1000022,NULL,1,3PP000018,KEY1022,ISLAM,RUBEL,"ISLAM, RUBEL",1987-10-22,F,A,0,30,2020-01-23,House 22,Road 22,Sylhet,880171000022,SALAM,CLNT,1,NULL,NULL,NULL,2000022
23,150,1000023,NULL,1,3PP000018,KEY1023,AKTER,NAIM,"AKTER, NAIM",1987-11-19,M,A,0,27,2020-01-24,House 23,Road 23,Barisal,880171000023,RAFIQ,CLNT,1,NULL,NULL,NULL,2000023
24,150,1000024,NULL,1,3PP000018,KEY1024,BEGUM,RAHIM,"BEGUM, RAHIM",1996-10-22,M,A,0,41,2020-01-25,House 24,Road 24,Rangpur,880171000024,HASAN,CLNT,1,NULL,NULL,NULL,2000024
25,150,1000025,NULL,1,3PP000018,KEY1025,ISLAM,TAREK,"ISLAM, TAREK",1996-03-08,M,A,0,25,2020-01-26,House 25,Road 25,Rajshahi,880171000025,JALAL,CLNT,1,NULL,NULL,NULL,2000025
26,150,1000026,NULL,1,3PP000018,KEY1026,RAHMAN,KAMAL,"RAHMAN, KAMAL",1988-04-16,M,A,0,29,2020-01-27,House 26,Road 26,Rangpur,880171000026,HASAN,CLNT,1,NULL,NULL,NULL,2000026
27,150,1000027,NULL,1,3PP000018,KEY1027,BEGUM,KAMAL,"BEGUM, KAMAL",1993-07-02,F,A,0,30,2020-01-28,House 27,Road 27,Rajshahi,880171000027,KUDDUS,CLNT,1,NULL,NULL,NULL,2000027
28,150,1000028,NULL,1,3PP000018,KEY1028,BEGUM,FAHIM,"BEGUM, FAHIM",1986-07-01,M,A,0,37,2020-01-29,House 28,Road 28,Rajshahi,880171000028,KARIM,CLNT,1,NULL,NULL,NULL,2000028
29,150,1000029,NULL,1,3PP000018,KEY1029,RAHMAN,KAMAL,"RAHMAN, KAMAL",1986-04-21,M,A,0,44,2020-01-30,House 29,Road 29,Dhaka,880171000029,MANNAN,CLNT,1,NULL,NULL,NULL,2000029
30,150,1000030,NULL,1,3PP000018,KEY1030,AKTER,KAMAL,"AKTER, KAMAL",1992-12-07,M,A,0,27,2020-01-31,House 30,Road 30,Rangpur,880171000030,KUDDUS,CLNT,1,NULL,NULL,NULL,2000030
31,150,1000031,NULL,1,3PP000018,KEY1031,ISLAM,RAHIM,"ISLAM, RAHIM",1986-10-23,M,A,0,36,2020-02-01,House 31,Road 31,Dhaka,880171000031,KARIM,CLNT,1,NULL,NULL,NULL,2000031
32,150,1000032,NULL,1,3PP000018,KEY1032,ISLAM,IMRAN,"ISLAM, IMRAN",1987-04-11,M,A,0,31,2020-02-02,House 32,Road 32,Barisal,880171000032,JALAL,CLNT,1,NULL,NULL,NULL,2000032
33,150,1000033,NULL,1,3PP000018,KEY1033,RAHMAN,KAMAL,"RAHMAN, KAMAL",1998-03-19,F,A,0,27,2020-02-03,House 33,Road 33,Barisal,880171000033,KARIM,CLNT,1,NULL,NULL,NULL,2000033
34,150,1000034,NULL,1,3PP000018,KEY1034,KHAN,RAHIM,"KHAN, RAHIM",1992-12-02,F,A,0,29,2020-02-04,House 34,Road 34,Khulna,880171000034,MANNAN,CLNT,1,NULL,NULL,NULL,2000034
35,150,1000035,NULL,1,3PP000018,KEY1035,KHAN,FAHIM,"KHAN, FAHIM",1988-08-26,F,A,0,44,2020-02-05,House 35,Road 35,Chittagong,880171000035,HASAN,CLNT,1,NULL,NULL,NULL,2000035
36,150,1000036,NULL,1,3PP000018,KEY1036,SULTAN,KAMAL,"SULTAN, KAMAL",1989-12-29,F,A,0,25,2020-02-06,House 36,Road 36,Khulna,880171000036,MANNAN,CLNT,1,NULL,NULL,NULL,2000036
37,150,1000037,NULL,1,3PP000018,KEY1037,KHAN,RUBEL,"KHAN, RUBEL",1997-08-19,F,A,0,30,2020-02-07,House 37,Road 37,Barisal,880171000037,AKBAR,CLNT,1,NULL,NULL,NULL,2000037
38,150,1000038,NULL,1,3PP000018,KEY1038,AKTER,TAREK,"AKTER, TAREK",1985-08-04,M,A,0,25,2020-02-08,House 38,Road 38,Rajshahi,880171000038,KUDDUS,CLNT,1,NULL,NULL,NULL,2000038
39,150,1000039,NULL,1,3PP000018,KEY1039,ISLAM,RUBEL,"ISLAM, RUBEL",1989-11-27,F,A,0,43,2020-02-09,House 39,Road 39,Sylhet,880171000039,AKBAR,CLNT,1,NULL,NULL,NULL,2000039
40,150,1000040,NULL,1,3PP000018,KEY1040,MIA,IMRAN,"MIA, IMRAN",1989-10-23,F,A,0,43,2020-02-10,House 40,Road 40,Dhaka,880171000040,KUDDUS,CLNT,1,NULL,NULL,NULL,2000040
41,150,1000041,NULL,1,3PP000018,KEY1041,MIA,NAIM,"MIA, NAIM",1986-04-14,M,A,0,38,2020-02-11,House 41,Road 41,Khulna,880171000041,JALAL,CLNT,1,NULL,NULL,NULL,2000041
42,150,1000042,NULL,1,3PP000018,KEY1042,BEGUM,IMRAN,"BEGUM, IMRAN",1990-05-10,F,A,0,32,2020-02-12,House 42,Road 42,Chittagong,880171000042,KUDDUS,CLNT,1,NULL,NULL,NULL,2000042
43,150,1000043,NULL,1,3PP000018,KEY1043,ISLAM,FAHIM,"ISLAM, FAHIM",1989-06-08,F,A,0,34,2020-02-13,House 43,Road 43,Khulna,880171000043,RAFIQ,CLNT,1,NULL,NULL,NULL,2000043
44,150,1000044,NULL,1,3PP000018,KEY1044,MIA,TAREK,"MIA, TAREK",1985-05-10,M,A,0,30,2020-02-14,House 44,Road 44,Chittagong,880171000044,RAFIQ,CLNT,1,NULL,NULL,NULL,2000044
45,150,1000045,NULL,1,3PP000018,KEY1045,MIA,TAREK,"MIA, TAREK",1986-09-28,F,A,0,43,2020-02-15,House 45,Road 45,Barisal,880171000045,MANNAN,CLNT,1,NULL,NULL,NULL,2000045
46,150,1000046,NULL,1,3PP000018,KEY1046,KHAN,FAHIM,"KHAN, FAHIM",1985-09-09,M,A,0,28,2020-02-16,House 46,Road 46,Sylhet,880171000046,JALAL,CLNT,1,NULL,NULL,NULL,2000046
47,150,1000047,NULL,1,3PP000018,KEY1047,RAHMAN,KAMAL,"RAHMAN, KAMAL",1985-06-27,M,A,0,42,2020-02-17,House 47,Road 47,Rangpur,880171000047,KARIM,CLNT,1,NULL,NULL,NULL,2000047
48,150,1000048,NULL,1,3PP000018,KEY1048,ISLAM,NAIM,"ISLAM, NAIM",1997-02-09,M,A,0,25,2020-02-18,House 48,Road 48,Khulna,880171000048,JALAL,CLNT,1,NULL,NULL,NULL,2000048
49,150,1000049,NULL,1,3PP000018,KEY1049,AKTER,NAIM,"AKTER, NAIM",1992-10-25,M,A,0,26,2020-02-19,House 49,Road 49,Barisal,880171000049,HASAN,CLNT,1,NULL,NULL,NULL,2000049
50,150,1000050,NULL,1,3PP000018,KEY1050,ISLAM,FAHIM,"ISLAM, FAHIM",1995-12-10,F,A,0,34,2020-02-20,House 50,Road 50,Sylhet,880171000050,HASAN,CLNT,1,NULL,NULL,NULL,2000050
51,150,1000051,NULL,1,3PP000018,KEY1051,BEGUM,RAHIM,"BEGUM, RAHIM",1990-12-06,M,A,0,38,2020-02-21,House 51,Road 51,Sylhet,880171000051,KUDDUS,CLNT,1,NULL,NULL,NULL,2000051
52,150,1000052,NULL,1,3PP000018,KEY1052,ISLAM,TAREK,"ISLAM, TAREK",1996-11-18,F,A,0,43,2020-02-22,House 52,Road 52,Khulna,880171000052,RAFIQ,CLNT,1,NULL,NULL,NULL,2000052
53,150,1000053,NULL,1,3PP000018,KEY1053,BEGUM,NAIM,"BEGUM, NAIM",1997-04-13,M,A,0,32,2020-02-23,House 53,Road 53,Dhaka,880171000053,HASAN,CLNT,1,NULL,NULL,NULL,2000053
54,150,1000054,NULL,1,3PP000018,KEY1054,HOSSAIN,ALI,"HOSSAIN, ALI",1995-10-21,M,A,0,25,2020-02-24,House 54,Road 54,Barisal,880171000054,RAFIQ,CLNT,1,NULL,NULL,NULL,2000054
55,150,1000055,NULL,1,3PP000018,KEY1055,ISLAM,RAHIM,"ISLAM, RAHIM",1987-03-20,F,A,0,42,2020-02-25,House 55,Road 55,Khulna,880171000055,MANNAN,CLNT,1,NULL,NULL,NULL,2000055
56,150,1000056,NULL,1,3PP000018,KEY1056,MIA,RAHIM,"MIA, RAHIM",1993-10-28,F,A,0,31,2020-02-26,House 56,Road 56,Barisal,880171000056,SALAM,CLNT,1,NULL,NULL,NULL,2000056
57,150,1000057,NULL,1,3PP000018,KEY1057,HOSSAIN,IMRAN,"HOSSAIN, IMRAN",1995-01-06,F,A,0,38,2020-02-27,House 57,Road 57,Chittagong,880171000057,AKBAR,CLNT,1,NULL,NULL,NULL,2000057
58,150,1000058,NULL,1,3PP000018,KEY1058,RAHMAN,FAHIM,"RAHMAN, FAHIM",1997-11-20,M,A,0,34,2020-02-28,House 58,Road 58,Chittagong,880171000058,SALAM,CLNT,1,NULL,NULL,NULL,2000058
59,150,1000059,NULL,1,3PP000018,KEY1059,AKTER,KAMAL,"AKTER, KAMAL",1992-02-04,M,A,0,38,2020-02-29,House 59,Road 59,Khulna,880171000059,KARIM,CLNT,1,NULL,NULL,NULL,2000059
60,150,1000060,NULL,1,3PP000018,KEY1060,SULTAN,NAIM,"SULTAN, NAIM",1986-01-02,M,A,0,35,2020-03-01,House 60,Road 60,Khulna,880171000060,MANNAN,CLNT,1,NULL,NULL,NULL,2000060
61,150,1000061,NULL,1,3PP000018,KEY1061,HOSSAIN,RAHIM,"HOSSAIN, RAHIM",1995-04-17,M,A,0,45,2020-03-02,House 61,Road 61,Dhaka,880171000061,MANNAN,CLNT,1,NULL,NULL,NULL,2000061
62,150,1000062,NULL,1,3PP000018,KEY1062,SULTAN,NAIM,"SULTAN, NAIM",1994-09-02,M,A,0,34,2020-03-03,House 62,Road 62,Sylhet,880171000062,AKBAR,CLNT,1,NULL,NULL,NULL,2000062
63,150,1000063,NULL,1,3PP000018,KEY1063,SULTAN,KAMAL,"SULTAN, KAMAL",1994-05-17,F,A,0,29,2020-03-04,House 63,Road 63,Rajshahi,880171000063,RAFIQ,CLNT,1,NULL,NULL,NULL,2000063
64,150,1000064,NULL,1,3PP000018,KEY1064,KHAN,KAMAL,"KHAN, KAMAL",1994-05-11,F,A,0,42,2020-03-05,House 64,Road 64,Sylhet,880171000064,JALAL,CLNT,1,NULL,NULL,NULL,2000064
65,150,1000065,NULL,1,3PP000018,KEY1065,AKTER,IMRAN,"AKTER, IMRAN",1996-05-22,F,A,0,26,2020-03-06,House 65,Road 65,Rajshahi,880171000065,KUDDUS,CLNT,1,NULL,NULL,NULL,2000065
66,150,1000066,NULL,1,3PP000018,KEY1066,BEGUM,ALI,"BEGUM, ALI",1986-10-14,F,A,0,28,2020-03-07,House 66,Road 66,Rajshahi,880171000066,KARIM,CLNT,1,NULL,NULL,NULL,2000066
67,150,1000067,NULL,1,3PP000018,KEY1067,AKTER,ALI,"AKTER, ALI",1991-03-08,F,A,0,35,2020-03-08,House 67,Road 67,Khulna,880171000067,MANNAN,CLNT,1,NULL,NULL,NULL,2000067
68,150,1000068,NULL,1,3PP000018,KEY1068,ISLAM,RUBEL,"ISLAM, RUBEL",1997-08-30,F,A,0,31,2020-03-09,House 68,Road 68,Chittagong,880171000068,MANNAN,CLNT,1,NULL,NULL,NULL,2000068
69,150,1000069,NULL,1,3PP000018,KEY1069,BEGUM,RUBEL,"BEGUM, RUBEL",1992-03-30,F,A,0,45,2020-03-10,House 69,Road 69,Rajshahi,880171000069,MANNAN,CLNT,1,NULL,NULL,NULL,2000069
70,150,1000070,NULL,1,3PP000018,KEY1070,AKTER,IMRAN,"AKTER, IMRAN",1993-01-21,M,A,0,34,2020-03-11,House 70,Road 70,Rangpur,880171000070,JALAL,CLNT,1,NULL,NULL,NULL,2000070
71,150,1000071,NULL,1,3PP000018,KEY1071,BEGUM,RAHIM,"BEGUM, RAHIM",1992-02-29,M,A,0,26,2020-03-12,House 71,Road 71,Sylhet,880171000071,KARIM,CLNT,1,NULL,NULL,NULL,2000071
72,150,1000072,NULL,1,3PP000018,KEY1072,RAHMAN,IMRAN,"RAHMAN, IMRAN",1994-06-20,M,A,0,28,2020-03-13,House 72,Road 72,Khulna,880171000072,JALAL,CLNT,1,NULL,NULL,NULL,2000072
73,150,1000073,NULL,1,3PP000018,KEY1073,HOSSAIN,NAIM,"HOSSAIN, NAIM",1996-04-14,F,A,0,41,2020-03-14,House 73,Road 73,Dhaka,880171000073,RAFIQ,CLNT,1,NULL,NULL,NULL,2000073
74,150,1000074,NULL,1,3PP000018,KEY1074,HOSSAIN,FAHIM,"HOSSAIN, FAHIM",1987-01-20,M,A,0,35,2020-03-15,House 74,Road 74,Khulna,880171000074,JALAL,CLNT,1,NULL,NULL,NULL,2000074
75,150,1000075,NULL,1,3PP000018,KEY1075,KHAN,IMRAN,"KHAN, IMRAN",1996-08-30,F,A,0,27,2020-03-16,House 75,Road 75,Chittagong,880171000075,MANNAN,CLNT,1,NULL,NULL,NULL,2000075
76,150,1000076,NULL,1,3PP000018,KEY1076,BEGUM,ALI,"BEGUM, ALI",1988-06-01,M,A,0,44,2020-03-17,House 76,Road 76,Chittagong,880171000076,RAFIQ,CLNT,1,NULL,NULL,NULL,2000076
77,150,1000077,NULL,1,3PP000018,KEY1077,SULTAN,RUBEL,"SULTAN, RUBEL",1991-05-09,M,A,0,33,2020-03-18,House 77,Road 77,Rajshahi,880171000077,HASAN,CLNT,1,NULL,NULL,NULL,2000077
78,150,1000078,NULL,1,3PP000018,KEY1078,ISLAM,KAMAL,"ISLAM, KAMAL",1987-07-20,M,A,0,38,2020-03-19,House 78,Road 78,Chittagong,880171000078,RAFIQ,CLNT,1,NULL,NULL,NULL,2000078
79,150,1000079,NULL,1,3PP000018,KEY1079,BEGUM,FAHIM,"BEGUM, FAHIM",1989-10-26,F,A,0,44,2020-03-20,House 79,Road 79,Rajshahi,880171000079,KARIM,CLNT,1,NULL,NULL,NULL,2000079
80,150,1000080,NULL,1,3PP000018,KEY1080,HOSSAIN,TAREK,"HOSSAIN, TAREK",1996-11-05,F,A,0,25,2020-03-21,House 80,Road 80,Rangpur,880171000080,SALAM,CLNT,1,NULL,NULL,NULL,2000080
81,150,1000081,NULL,1,3PP000018,KEY1081,HOSSAIN,KAMAL,"HOSSAIN, KAMAL",1986-06-23,M,A,0,40,2020-03-22,House 81,Road 81,Dhaka,880171000081,KARIM,CLNT,1,NULL,NULL,NULL,2000081
82,150,1000082,NULL,1,3PP000018,KEY1082,KHAN,IMRAN,"KHAN, IMRAN",1985-09-01,M,A,0,26,2020-03-23,House 82,Road 82,Rajshahi,880171000082,MANNAN,CLNT,1,NULL,NULL,NULL,2000082
83,150,1000083,NULL,1,3PP000018,KEY1083,RAHMAN,RUBEL,"RAHMAN, RUBEL",1996-02-27,F,A,0,39,2020-03-24,House 83,Road 83,Barisal,880171000083,RAFIQ,CLNT,1,NULL,NULL,NULL,2000083
84,150,1000084,NULL,1,3PP000018,KEY1084,SULTAN,IMRAN,"SULTAN, IMRAN",1985-05-04,M,A,0,30,2020-03-25,House 84,Road 84,Rajshahi,880171000084,MANNAN,CLNT,1,NULL,NULL,NULL,2000084
85,150,1000085,NULL,1,3PP000018,KEY1085,SULTAN,ALI,"SULTAN, ALI",1996-05-23,F,A,0,41,2020-03-26,House 85,Road 85,Sylhet,880171000085,KARIM,CLNT,1,NULL,NULL,NULL,2000085
86,150,1000086,NULL,1,3PP000018,KEY1086,KHAN,TAREK,"KHAN, TAREK",1998-02-18,F,A,0,40,2020-03-27,House 86,Road 86,Sylhet,880171000086,RAFIQ,CLNT,1,NULL,NULL,NULL,2000086
87,150,1000087,NULL,1,3PP000018,KEY1087,HOSSAIN,IMRAN,"HOSSAIN, IMRAN",1992-11-04,F,A,0,42,2020-03-28,House 87,Road 87,Rangpur,880171000087,JALAL,CLNT,1,NULL,NULL,NULL,2000087
88,150,1000088,NULL,1,3PP000018,KEY1088,SULTAN,FAHIM,"SULTAN, FAHIM",1986-08-15,M,A,0,31,2020-03-29,House 88,Road 88,Rajshahi,880171000088,HASAN,CLNT,1,NULL,NULL,NULL,2000088
89,150,1000089,NULL,1,3PP000018,KEY1089,AKTER,NAIM,"AKTER, NAIM",1994-03-14,F,A,0,27,2020-03-30,House 89,Road 89,Rajshahi,880171000089,JALAL,CLNT,1,NULL,NULL,NULL,2000089
90,150,1000090,NULL,1,3PP000018,KEY1090,MIA,FAHIM,"MIA, FAHIM",1989-12-08,F,A,0,36,2020-03-31,House 90,Road 90,Rajshahi,880171000090,SALAM,CLNT,1,NULL,NULL,NULL,2000090
91,150,1000091,NULL,1,3PP000018,KEY1091,BEGUM,RAHIM,"BEGUM, RAHIM",1987-01-12,M,A,0,34,2020-04-01,House 91,Road 91,Rajshahi,880171000091,RAFIQ,CLNT,1,NULL,NULL,NULL,2000091
92,150,1000092,NULL,1,3PP000018,KEY1092,ISLAM,ALI,"ISLAM, ALI",1995-04-25,M,A,0,37,2020-04-02,House 92,Road 92,Rangpur,880171000092,HASAN,CLNT,1,NULL,NULL,NULL,2000092
93,150,1000093,NULL,1,3PP000018,KEY1093,HOSSAIN,IMRAN,"HOSSAIN, IMRAN",1988-01-29,F,A,0,29,2020-04-03,House 93,Road 93,Barisal,880171000093,KARIM,CLNT,1,NULL,NULL,NULL,2000093
94,150,1000094,NULL,1,3PP000018,KEY1094,KHAN,RUBEL,"KHAN, RUBEL",1990-05-01,M,A,0,44,2020-04-04,House 94,Road 94,Dhaka,880171000094,AKBAR,CLNT,1,NULL,NULL,NULL,2000094
95,150,1000095,NULL,1,3PP000018,KEY1095,ISLAM,RUBEL,"ISLAM, RUBEL",1998-04-04,M,A,0,41,2020-04-05,House 95,Road 95,Rajshahi,880171000095,MANNAN,CLNT,1,NULL,NULL,NULL,2000095
96,150,1000096,NULL,1,3PP000018,KEY1096,KHAN,RUBEL,"KHAN, RUBEL",1990-01-31,F,A,0,29,2020-04-06,House 96,Road 96,Sylhet,880171000096,JALAL,CLNT,1,NULL,NULL,NULL,2000096
97,150,1000097,NULL,1,3PP000018,KEY1097,KHAN,FAHIM,"KHAN, FAHIM",1991-07-27,M,A,0,27,2020-04-07,House 97,Road 97,Rajshahi,880171000097,RAFIQ,CLNT,1,NULL,NULL,NULL,2000097
98,150,1000098,NULL,1,3PP000018,KEY1098,RAHMAN,RUBEL,"RAHMAN, RUBEL",1994-02-20,F,A,0,43,2020-04-08,House 98,Road 98,Dhaka,880171000098,AKBAR,CLNT,1,NULL,NULL,NULL,2000098
99,150,1000099,NULL,1,3PP000018,KEY1099,MIA,ALI,"MIA, ALI",1992-09-01,M,A,0,34,2020-04-09,House 99,Road 99,Rajshahi,880171000099,KUDDUS,CLNT,1,NULL,NULL,NULL,2000099
100,150,1000100,NULL,1,3PP000018,KEY1100,HOSSAIN,TAREK,"HOSSAIN, TAREK",1995-09-30,M,A,0,39,2020-04-10,House 100,Road 100,Barisal,880171000100,KARIM,CLNT,1,NULL,NULL,NULL,2000100
101,150,1000101,NULL,1,3PP000018,KEY1101,HOSSAIN,IMRAN,"HOSSAIN, IMRAN",1995-11-12,F,A,0,41,2020-04-11,House 101,Road 101,Rajshahi,880171000101,KUDDUS,CLNT,1,NULL,NULL,NULL,2000101
102,150,1000102,NULL,1,3PP000018,KEY1102,BEGUM,FAHIM,"BEGUM, FAHIM",1988-01-22,M,A,0,39,2020-04-12,House 102,Road 102,Barisal,880171000102,SALAM,CLNT,1,NULL,NULL,NULL,2000102
103,150,1000103,NULL,1,3PP000018,KEY1103,MIA,RAHIM,"MIA, RAHIM",1993-07-19,F,A,0,45,2020-04-13,House 103,Road 103,Khulna,880171000103,MANNAN,CLNT,1,NULL,NULL,NULL,2000103
104,150,1000104,NULL,1,3PP000018,KEY1104,KHAN,IMRAN,"KHAN, IMRAN",1987-12-13,F,A,0,37,2020-04-14,House 104,Road 104,Rajshahi,880171000104,HASAN,CLNT,1,NULL,NULL,NULL,2000104
105,150,1000105,NULL,1,3PP000018,KEY1105,AKTER,RUBEL,"AKTER, RUBEL",1989-08-28,F,A,0,39,2020-04-15,House 105,Road 105,Rangpur,880171000105,KARIM,CLNT,1,NULL,NULL,NULL,2000105
106,150,1000106,NULL,1,3PP000018,KEY1106,HOSSAIN,NAIM,"HOSSAIN, NAIM",1994-08-19,F,A,0,34,2020-04-16,House 106,Road 106,Rangpur,880171000106,JALAL,CLNT,1,NULL,NULL,NULL,2000106
107,150,1000107,NULL,1,3PP000018,KEY1107,AKTER,ALI,"AKTER, ALI",1986-06-29,M,A,0,32,2020-04-17,House 107,Road 107,Rajshahi,880171000107,RAFIQ,CLNT,1,NULL,NULL,NULL,2000107
108,150,1000108,NULL,1,3PP000018,KEY1108,MIA,ALI,"MIA, ALI",1995-05-17,F,A,0,25,2020-04-18,House 108,Road 108,Rangpur,880171000108,KUDDUS,CLNT,1,NULL,NULL,NULL,2000108
109,150,1000109,NULL,1,3PP000018,KEY1109,RAHMAN,KAMAL,"RAHMAN, KAMAL",1995-05-03,M,A,0,38,2020-04-19,House 109,Road 109,Dhaka,880171000109,JALAL,CLNT,1,NULL,NULL,NULL,2000109
110,150,1000110,NULL,1,3PP000018,KEY1110,BEGUM,KAMAL,"BEGUM, KAMAL",1996-08-06,F,A,0,35,2020-04-20,House 110,Road 110,Barisal,880171000110,RAFIQ,CLNT,1,NULL,NULL,NULL,2000110
111,150,1000111,NULL,1,3PP000018,KEY1111,RAHMAN,TAREK,"RAHMAN, TAREK",1994-05-17,M,A,0,34,2020-04-21,House 111,Road 111,Rangpur,880171000111,HASAN,CLNT,1,NULL,NULL,NULL,2000111
112,150,1000112,NULL,1,3PP000018,KEY1112,SULTAN,ALI,"SULTAN, ALI",1992-11-06,F,A,0,33,2020-04-22,House 112,Road 112,Rangpur,880171000112,KARIM,CLNT,1,NULL,NULL,NULL,2000112
113,150,1000113,NULL,1,3PP000018,KEY1113,AKTER,RAHIM,"AKTER, RAHIM",1997-05-01,M,A,0,41,2020-04-23,House 113,Road 113,Rangpur,880171000113,JALAL,CLNT,1,NULL,NULL,NULL,2000113
114,150,1000114,NULL,1,3PP000018,KEY1114,MIA,RAHIM,"MIA, RAHIM",1989-10-30,F,A,0,43,2020-04-24,House 114,Road 114,Khulna,880171000114,SALAM,CLNT,1,NULL,NULL,NULL,2000114
115,150,1000115,NULL,1,3PP000018,KEY1115,HOSSAIN,TAREK,"HOSSAIN, TAREK",1986-04-18,M,A,0,35,2020-04-25,House 115,Road 115,Sylhet,880171000115,MANNAN,CLNT,1,NULL,NULL,NULL,2000115
116,150,1000116,NULL,1,3PP000018,KEY1116,BEGUM,KAMAL,"BEGUM, KAMAL",1992-09-20,F,A,0,38,2020-04-26,House 116,Road 116,Rangpur,880171000116,SALAM,CLNT,1,NULL,NULL,NULL,2000116
117,150,1000117,NULL,1,3PP000018,KEY1117,MIA,FAHIM,"MIA, FAHIM",1988-04-27,F,A,0,30,2020-04-27,House 117,Road 117,Chittagong,880171000117,KARIM,CLNT,1,NULL,NULL,NULL,2000117
118,150,1000118,NULL,1,3PP000018,KEY1118,ISLAM,RUBEL,"ISLAM, RUBEL",1994-10-06,F,A,0,36,2020-04-28,House 118,Road 118,Rajshahi,880171000118,AKBAR,CLNT,1,NULL,NULL,NULL,2000118
119,150,1000119,NULL,1,3PP000018,KEY1119,MIA,RUBEL,"MIA, RUBEL",1986-04-28,F,A,0,31,2020-04-29,House 119,Road 119,Barisal,880171000119,KUDDUS,CLNT,1,NULL,NULL,NULL,2000119
120,150,1000120,NULL,1,3PP000018,KEY1120,ISLAM,TAREK,"ISLAM, TAREK",1997-10-13,F,A,0,31,2020-04-30,House 120,Road 120,Rangpur,880171000120,AKBAR,CLNT,1,NULL,NULL,NULL,2000120
121,150,1000121,NULL,1,3PP000018,KEY1121,MIA,TAREK,"MIA, TAREK",1997-07-01,F,A,0,36,2020-05-01,House 121,Road 121,Barisal,880171000121,MANNAN,CLNT,1,NULL,NULL,NULL,2000121
122,150,1000122,NULL,1,3PP000018,KEY1122,RAHMAN,NAIM,"RAHMAN, NAIM",1990-12-27,F,A,0,25,2020-05-02,House 122,Road 122,Rangpur,880171000122,RAFIQ,CLNT,1,NULL,NULL,NULL,2000122
123,150,1000123,NULL,1,3PP000018,KEY1123,SULTAN,FAHIM,"SULTAN, FAHIM",1987-10-07,F,A,0,40,2020-05-03,House 123,Road 123,Khulna,880171000123,RAFIQ,CLNT,1,NULL,NULL,NULL,2000123
124,150,1000124,NULL,1,3PP000018,KEY1124,BEGUM,TAREK,"BEGUM, TAREK",1990-11-24,F,A,0,26,2020-05-04,House 124,Road 124,Rajshahi,880171000124,KUDDUS,CLNT,1,NULL,NULL,NULL,2000124
125,150,1000125,NULL,1,3PP000018,KEY1125,RAHMAN,FAHIM,"RAHMAN, FAHIM",1996-07-25,M,A,0,33,2020-05-05,House 125,Road 125,Barisal,880171000125,RAFIQ,CLNT,1,NULL,NULL,NULL,2000125
126,150,1000126,NULL,1,3PP000018,KEY1126,BEGUM,IMRAN,"BEGUM, IMRAN",1991-06-17,F,A,0,43,2020-05-06,House 126,Road 126,Khulna,880171000126,AKBAR,CLNT,1,NULL,NULL,NULL,2000126
127,150,1000127,NULL,1,3PP000018,KEY1127,ISLAM,NAIM,"ISLAM, NAIM",1989-04-22,M,A,0,32,2020-05-07,House 127,Road 127,Dhaka,880171000127,AKBAR,CLNT,1,NULL,NULL,NULL,2000127
128,150,1000128,NULL,1,3PP000018,KEY1128,MIA,RUBEL,"MIA, RUBEL",1994-10-15,F,A,0,33,2020-05-08,House 128,Road 128,Sylhet,880171000128,AKBAR,CLNT,1,NULL,NULL,NULL,2000128
129,150,1000129,NULL,1,3PP000018,KEY1129,KHAN,FAHIM,"KHAN, FAHIM",1993-05-09,F,A,0,35,2020-05-09,House 129,Road 129,Chittagong,880171000129,AKBAR,CLNT,1,NULL,NULL,NULL,2000129
130,150,1000130,NULL,1,3PP000018,KEY1130,BEGUM,ALI,"BEGUM, ALI",1986-07-15,F,A,0,44,2020-05-10,House 130,Road 130,Khulna,880171000130,KARIM,CLNT,1,NULL,NULL,NULL,2000130
131,150,1000131,NULL,1,3PP000018,KEY1131,SULTAN,NAIM,"SULTAN, NAIM",1990-08-29,M,A,0,38,2020-05-11,House 131,Road 131,Sylhet,880171000131,JALAL,CLNT,1,NULL,NULL,NULL,2000131
132,150,1000132,NULL,1,3PP000018,KEY1132,RAHMAN,NAIM,"RAHMAN, NAIM",1997-11-20,M,A,0,44,2020-05-12,House 132,Road 132,Rangpur,880171000132,MANNAN,CLNT,1,NULL,NULL,NULL,2000132
133,150,1000133,NULL,1,3PP000018,KEY1133,AKTER,RAHIM,"AKTER, RAHIM",1994-06-07,F,A,0,40,2020-05-13,House 133,Road 133,Rajshahi,880171000133,AKBAR,CLNT,1,NULL,NULL,NULL,2000133
134,150,1000134,NULL,1,3PP000018,KEY1134,AKTER,FAHIM,"AKTER, FAHIM",1987-05-17,F,A,0,35,2020-05-14,House 134,Road 134,Chittagong,880171000134,RAFIQ,CLNT,1,NULL,NULL,NULL,2000134
135,150,1000135,NULL,1,3PP000018,KEY1135,MIA,KAMAL,"MIA, KAMAL",1985-06-18,M,A,0,33,2020-05-15,House 135,Road 135,Sylhet,880171000135,RAFIQ,CLNT,1,NULL,NULL,NULL,2000135
136,150,1000136,NULL,1,3PP000018,KEY1136,SULTAN,TAREK,"SULTAN, TAREK",1995-09-07,M,A,0,37,2020-05-16,House 136,Road 136,Barisal,880171000136,MANNAN,CLNT,1,NULL,NULL,NULL,2000136
137,150,1000137,NULL,1,3PP000018,KEY1137,RAHMAN,KAMAL,"RAHMAN, KAMAL",1997-09-06,F,A,0,28,2020-05-17,House 137,Road 137,Khulna,880171000137,MANNAN,CLNT,1,NULL,NULL,NULL,2000137
138,150,1000138,NULL,1,3PP000018,KEY1138,MIA,KAMAL,"MIA, KAMAL",1993-12-29,F,A,0,35,2020-05-18,House 138,Road 138,Rajshahi,880171000138,KARIM,CLNT,1,NULL,NULL,NULL,2000138
139,150,1000139,NULL,1,3PP000018,KEY1139,MIA,FAHIM,"MIA, FAHIM",1987-02-08,F,A,0,34,2020-05-19,House 139,Road 139,Chittagong,880171000139,KARIM,CLNT,1,NULL,NULL,NULL,2000139
140,150,1000140,NULL,1,3PP000018,KEY1140,RAHMAN,RAHIM,"RAHMAN, RAHIM",1995-03-11,M,A,0,33,2020-05-20,House 140,Road 140,Rajshahi,880171000140,RAFIQ,CLNT,1,NULL,NULL,NULL,2000140
141,150,1000141,NULL,1,3PP000018,KEY1141,MIA,IMRAN,"MIA, IMRAN",1986-03-06,M,A,0,42,2020-05-21,House 141,Road 141,Sylhet,880171000141,AKBAR,CLNT,1,NULL,NULL,NULL,2000141
142,150,1000142,NULL,1,3PP000018,KEY1142,BEGUM,TAREK,"BEGUM, TAREK",1992-03-11,M,A,0,25,2020-05-22,House 142,Road 142,Sylhet,880171000142,HASAN,CLNT,1,NULL,NULL,NULL,2000142
143,150,1000143,NULL,1,3PP000018,KEY1143,KHAN,TAREK,"KHAN, TAREK",1996-12-08,M,A,0,28,2020-05-23,House 143,Road 143,Rajshahi,880171000143,RAFIQ,CLNT,1,NULL,NULL,NULL,2000143
144,150,1000144,NULL,1,3PP000018,KEY1144,KHAN,KAMAL,"KHAN, KAMAL",1995-07-06,M,A,0,36,2020-05-24,House 144,Road 144,Dhaka,880171000144,AKBAR,CLNT,1,NULL,NULL,NULL,2000144
145,150,1000145,NULL,1,3PP000018,KEY1145,HOSSAIN,RUBEL,"HOSSAIN, RUBEL",1988-03-11,M,A,0,36,2020-05-25,House 145,Road 145,Dhaka,880171000145,MANNAN,CLNT,1,NULL,NULL,NULL,2000145
146,150,1000146,NULL,1,3PP000018,KEY1146,BEGUM,RUBEL,"BEGUM, RUBEL",1993-01-03,M,A,0,36,2020-05-26,House 146,Road 146,Rangpur,880171000146,JALAL,CLNT,1,NULL,NULL,NULL,2000146
147,150,1000147,NULL,1,3PP000018,KEY1147,MIA,ALI,"MIA, ALI",1987-03-20,M,A,0,37,2020-05-27,House 147,Road 147,Chittagong,880171000147,KARIM,CLNT,1,NULL,NULL,NULL,2000147
148,150,1000148,NULL,1,3PP000018,KEY1148,KHAN,FAHIM,"KHAN, FAHIM",1997-12-16,F,A,0,27,2020-05-28,House 148,Road 148,Barisal,880171000148,RAFIQ,CLNT,1,NULL,NULL,NULL,2000148
149,150,1000149,NULL,1,3PP000018,KEY1149,ISLAM,FAHIM,"ISLAM, FAHIM",1985-12-30,M,A,0,38,2020-05-29,House 149,Road 149,Chittagong,880171000149,MANNAN,CLNT,1,NULL,NULL,NULL,2000149
150,150,1000150,NULL,1,3PP000018,KEY1150,BEGUM,IMRAN,"BEGUM, IMRAN",1993-01-09,F,A,0,34,2020-05-30,House 150,Road 150,Rangpur,880171000150,SALAM,CLNT,1,NULL,NULL,NULL,2000150
151,150,1000151,NULL,1,3PP000018,KEY1151,AKTER,TAREK,"AKTER, TAREK",1985-08-03,M,A,0,31,2020-05-31,House 151,Road 151,Khulna,880171000151,RAFIQ,CLNT,1,NULL,NULL,NULL,2000151
152,150,1000152,NULL,1,3PP000018,KEY1152,KHAN,ALI,"KHAN, ALI",1992-10-15,M,A,0,44,2020-06-01,House 152,Road 152,Rangpur,880171000152,KUDDUS,CLNT,1,NULL,NULL,NULL,2000152
153,150,1000153,NULL,1,3PP000018,KEY1153,RAHMAN,KAMAL,"RAHMAN, KAMAL",1986-01-10,M,A,0,45,2020-06-02,House 153,Road 153,Barisal,880171000153,AKBAR,CLNT,1,NULL,NULL,NULL,2000153
154,150,1000154,NULL,1,3PP000018,KEY1154,BEGUM,NAIM,"BEGUM, NAIM",1987-05-09,M,A,0,35,2020-06-03,House 154,Road 154,Rajshahi,880171000154,SALAM,CLNT,1,NULL,NULL,NULL,2000154
155,150,1000155,NULL,1,3PP000018,KEY1155,ISLAM,NAIM,"ISLAM, NAIM",1991-07-31,F,A,0,29,2020-06-04,House 155,Road 155,Barisal,880171000155,KUDDUS,CLNT,1,NULL,NULL,NULL,2000155
156,150,1000156,NULL,1,3PP000018,KEY1156,MIA,TAREK,"MIA, TAREK",1993-05-29,F,A,0,37,2020-06-05,House 156,Road 156,Dhaka,880171000156,SALAM,CLNT,1,NULL,NULL,NULL,2000156
157,150,1000157,NULL,1,3PP000018,KEY1157,KHAN,ALI,"KHAN, ALI",1989-09-29,M,A,0,41,2020-06-06,House 157,Road 157,Barisal,880171000157,KUDDUS,CLNT,1,NULL,NULL,NULL,2000157
158,150,1000158,NULL,1,3PP000018,KEY1158,AKTER,RAHIM,"AKTER, RAHIM",1991-04-16,F,A,0,43,2020-06-07,House 158,Road 158,Barisal,880171000158,JALAL,CLNT,1,NULL,NULL,NULL,2000158
159,150,1000159,NULL,1,3PP000018,KEY1159,ISLAM,TAREK,"ISLAM, TAREK",1996-07-14,F,A,0,37,2020-06-08,House 159,Road 159,Sylhet,880171000159,MANNAN,CLNT,1,NULL,NULL,NULL,2000159
160,150,1000160,NULL,1,3PP000018,KEY1160,HOSSAIN,ALI,"HOSSAIN, ALI",1993-02-06,F,A,0,29,2020-06-09,House 160,Road 160,Dhaka,880171000160,KUDDUS,CLNT,1,NULL,NULL,NULL,2000160
161,150,1000161,NULL,1,3PP000018,KEY1161,SULTAN,ALI,"SULTAN, ALI",1998-03-11,F,A,0,42,2020-06-10,House 161,Road 161,Rangpur,880171000161,KUDDUS,CLNT,1,NULL,NULL,NULL,2000161
162,150,1000162,NULL,1,3PP000018,KEY1162,KHAN,IMRAN,"KHAN, IMRAN",1992-07-28,F,A,0,30,2020-06-11,House 162,Road 162,Dhaka,880171000162,JALAL,CLNT,1,NULL,NULL,NULL,2000162
163,150,1000163,NULL,1,3PP000018,KEY1163,BEGUM,NAIM,"BEGUM, NAIM",1992-05-29,F,A,0,28,2020-06-12,House 163,Road 163,Khulna,880171000163,RAFIQ,CLNT,1,NULL,NULL,NULL,2000163
164,150,1000164,NULL,1,3PP000018,KEY1164,SULTAN,TAREK,"SULTAN, TAREK",1991-01-30,M,A,0,27,2020-06-13,House 164,Road 164,Rajshahi,880171000164,JALAL,CLNT,1,NULL,NULL,NULL,2000164
165,150,1000165,NULL,1,3PP000018,KEY1165,MIA,RUBEL,"MIA, RUBEL",1996-03-18,F,A,0,27,2020-06-14,House 165,Road 165,Dhaka,880171000165,MANNAN,CLNT,1,NULL,NULL,NULL,2000165
166,150,1000166,NULL,1,3PP000018,KEY1166,SULTAN,FAHIM,"SULTAN, FAHIM",1994-03-06,M,A,0,43,2020-06-15,House 166,Road 166,Rajshahi,880171000166,KARIM,CLNT,1,NULL,NULL,NULL,2000166
167,150,1000167,NULL,1,3PP000018,KEY1167,RAHMAN,IMRAN,"RAHMAN, IMRAN",1990-10-30,F,A,0,30,2020-06-16,House 167,Road 167,Rangpur,880171000167,SALAM,CLNT,1,NULL,NULL,NULL,2000167
168,150,1000168,NULL,1,3PP000018,KEY1168,KHAN,KAMAL,"KHAN, KAMAL",1995-04-05,M,A,0,35,2020-06-17,House 168,Road 168,Sylhet,880171000168,AKBAR,CLNT,1,NULL,NULL,NULL,2000168
169,150,1000169,NULL,1,3PP000018,KEY1169,SULTAN,KAMAL,"SULTAN, KAMAL",1994-03-27,F,A,0,32,2020-06-18,House 169,Road 169,Barisal,880171000169,SALAM,CLNT,1,NULL,NULL,NULL,2000169
170,150,1000170,NULL,1,3PP000018,KEY1170,AKTER,KAMAL,"AKTER, KAMAL",1987-07-30,M,A,0,26,2020-06-19,House 170,Road 170,Rajshahi,880171000170,JALAL,CLNT,1,NULL,NULL,NULL,2000170
171,150,1000171,NULL,1,3PP000018,KEY1171,KHAN,IMRAN,"KHAN, IMRAN",1993-09-22,F,A,0,36,2020-06-20,House 171,Road 171,Khulna,880171000171,SALAM,CLNT,1,NULL,NULL,NULL,2000171
172,150,1000172,NULL,1,3PP000018,KEY1172,ISLAM,FAHIM,"ISLAM, FAHIM",1986-09-08,M,A,0,31,2020-06-21,House 172,Road 172,Dhaka,880171000172,SALAM,CLNT,1,NULL,NULL,NULL,2000172
173,150,1000173,NULL,1,3PP000018,KEY1173,SULTAN,IMRAN,"SULTAN, IMRAN",1998-03-16,M,A,0,40,2020-06-22,House 173,Road 173,Chittagong,880171000173,KARIM,CLNT,1,NULL,NULL,NULL,2000173
174,150,1000174,NULL,1,3PP000018,KEY1174,SULTAN,NAIM,"SULTAN, NAIM",1988-07-07,M,A,0,25,2020-06-23,House 174,Road 174,Khulna,880171000174,AKBAR,CLNT,1,NULL,NULL,NULL,2000174
175,150,1000175,NULL,1,3PP000018,KEY1175,BEGUM,FAHIM,"BEGUM, FAHIM",1996-05-15,M,A,0,34,2020-06-24,House 175,Road 175,Dhaka,880171000175,HASAN,CLNT,1,NULL,NULL,NULL,2000175
176,150,1000176,NULL,1,3PP000018,KEY1176,MIA,RUBEL,"MIA, RUBEL",1990-03-06,F,A,0,28,2020-06-25,House 176,Road 176,Khulna,880171000176,AKBAR,CLNT,1,NULL,NULL,NULL,2000176
177,150,1000177,NULL,1,3PP000018,KEY1177,RAHMAN,NAIM,"RAHMAN, NAIM",1985-10-04,F,A,0,41,2020-06-26,House 177,Road 177,Sylhet,880171000177,KARIM,CLNT,1,NULL,NULL,NULL,2000177
178,150,1000178,NULL,1,3PP000018,KEY1178,ISLAM,ALI,"ISLAM, ALI",1995-04-01,M,A,0,32,2020-06-27,House 178,Road 178,Dhaka,880171000178,RAFIQ,CLNT,1,NULL,NULL,NULL,2000178
179,150,1000179,NULL,1,3PP000018,KEY1179,SULTAN,TAREK,"SULTAN, TAREK",1998-03-03,F,A,0,45,2020-06-28,House 179,Road 179,Sylhet,880171000179,KUDDUS,CLNT,1,NULL,NULL,NULL,2000179
180,150,1000180,NULL,1,3PP000018,KEY1180,KHAN,RAHIM,"KHAN, RAHIM",1989-06-05,M,A,0,27,2020-06-29,House 180,Road 180,Dhaka,880171000180,JALAL,CLNT,1,NULL,NULL,NULL,2000180
181,150,1000181,NULL,1,3PP000018,KEY1181,KHAN,RUBEL,"KHAN, RUBEL",1987-01-07,F,A,0,36,2020-06-30,House 181,Road 181,Dhaka,880171000181,SALAM,CLNT,1,NULL,NULL,NULL,2000181
182,150,1000182,NULL,1,3PP000018,KEY1182,RAHMAN,TAREK,"RAHMAN, TAREK",1986-10-24,M,A,0,33,2020-07-01,House 182,Road 182,Rangpur,880171000182,SALAM,CLNT,1,NULL,NULL,NULL,2000182
183,150,1000183,NULL,1,3PP000018,KEY1183,AKTER,RAHIM,"AKTER, RAHIM",1996-03-06,F,A,0,29,2020-07-02,House 183,Road 183,Khulna,880171000183,MANNAN,CLNT,1,NULL,NULL,NULL,2000183
184,150,1000184,NULL,1,3PP000018,KEY1184,KHAN,RUBEL,"KHAN, RUBEL",1989-07-06,F,A,0,29,2020-07-03,House 184,Road 184,Chittagong,880171000184,MANNAN,CLNT,1,NULL,NULL,NULL,2000184
185,150,1000185,NULL,1,3PP000018,KEY1185,ISLAM,RAHIM,"ISLAM, RAHIM",1991-09-24,F,A,0,27,2020-07-04,House 185,Road 185,Barisal,880171000185,JALAL,CLNT,1,NULL,NULL,NULL,2000185
186,150,1000186,NULL,1,3PP000018,KEY1186,ISLAM,RAHIM,"ISLAM, RAHIM",1996-08-20,M,A,0,35,2020-07-05,House 186,Road 186,Sylhet,880171000186,HASAN,CLNT,1,NULL,NULL,NULL,2000186
187,150,1000187,NULL,1,3PP000018,KEY1187,SULTAN,NAIM,"SULTAN, NAIM",1997-02-09,F,A,0,45,2020-07-06,House 187,Road 187,Rangpur,880171000187,JALAL,CLNT,1,NULL,NULL,NULL,2000187
188,150,1000188,NULL,1,3PP000018,KEY1188,AKTER,KAMAL,"AKTER, KAMAL",1996-02-14,F,A,0,45,2020-07-07,House 188,Road 188,Khulna,880171000188,JALAL,CLNT,1,NULL,NULL,NULL,2000188
189,150,1000189,NULL,1,3PP000018,KEY1189,MIA,ALI,"MIA, ALI",1997-03-13,F,A,0,41,2020-07-08,House 189,Road 189,Sylhet,880171000189,SALAM,CLNT,1,NULL,NULL,NULL,2000189
190,150,1000190,NULL,1,3PP000018,KEY1190,BEGUM,KAMAL,"BEGUM, KAMAL",1998-05-20,F,A,0,37,2020-07-09,House 190,Road 190,Dhaka,880171000190,JALAL,CLNT,1,NULL,NULL,NULL,2000190
191,150,1000191,NULL,1,3PP000018,KEY1191,RAHMAN,KAMAL,"RAHMAN, KAMAL",1998-09-03,M,A,0,45,2020-07-10,House 191,Road 191,Sylhet,880171000191,HASAN,CLNT,1,NULL,NULL,NULL,2000191
192,150,1000192,NULL,1,3PP000018,KEY1192,BEGUM,FAHIM,"BEGUM, FAHIM",1992-12-25,F,A,0,27,2020-07-11,House 192,Road 192,Khulna,880171000192,AKBAR,CLNT,1,NULL,NULL,NULL,2000192
193,150,1000193,NULL,1,3PP000018,KEY1193,ISLAM,KAMAL,"ISLAM, KAMAL",1985-12-23,M,A,0,28,2020-07-12,House 193,Road 193,Khulna,880171000193,KARIM,CLNT,1,NULL,NULL,NULL,2000193
194,150,1000194,NULL,1,3PP000018,KEY1194,RAHMAN,RAHIM,"RAHMAN, RAHIM",1990-07-21,F,A,0,32,2020-07-13,House 194,Road 194,Khulna,880171000194,MANNAN,CLNT,1,NULL,NULL,NULL,2000194
195,150,1000195,NULL,1,3PP000018,KEY1195,SULTAN,RUBEL,"SULTAN, RUBEL",1996-11-17,M,A,0,25,2020-07-14,House 195,Road 195,Sylhet,880171000195,AKBAR,CLNT,1,NULL,NULL,NULL,2000195
196,150,1000196,NULL,1,3PP000018,KEY1196,BEGUM,NAIM,"BEGUM, NAIM",1991-06-19,M,A,0,27,2020-07-15,House 196,Road 196,Sylhet,880171000196,KUDDUS,CLNT,1,NULL,NULL,NULL,2000196
197,150,1000197,NULL,1,3PP000018,KEY1197,MIA,NAIM,"MIA, NAIM",1996-12-04,M,A,0,36,2020-07-16,House 197,Road 197,Barisal,880171000197,HASAN,CLNT,1,NULL,NULL,NULL,2000197
198,150,1000198,NULL,1,3PP000018,KEY1198,BEGUM,TAREK,"BEGUM, TAREK",1997-04-03,M,A,0,40,2020-07-17,House 198,Road 198,Barisal,880171000198,RAFIQ,CLNT,1,NULL,NULL,NULL,2000198
199,150,1000199,NULL,1,3PP000018,KEY1199,AKTER,RUBEL,"AKTER, RUBEL",1988-06-25,F,A,0,26,2020-07-18,House 199,Road 199,Rangpur,880171000199,KARIM,CLNT,1,NULL,NULL,NULL,2000199
200,150,1000200,NULL,1,3PP000018,KEY1200,MIA,FAHIM,"MIA, FAHIM",1996-10-17,F,A,0,33,2020-07-19,House 200,Road 200,Khulna,880171000200,RAFIQ,CLNT,1,NULL,NULL,NULL,2000200
